Data,Otwarcie,Najwyzszy,Najnizszy,Zamkniecie,Wolumen
2005-01-03,109.01,109.01,109.01,109.01,6450
2005-01-04,110.13,110.13,110.13,110.13,8382
2005-01-05,112.28,112.28,112.28,112.28,4218
2005-01-06,112.43,112.43,112.43,112.43,15450
2005-01-07,112.18,112.18,112.18,112.18,16672
2005-01-10,110.33,110.33,110.33,110.33,28417
2005-01-11,109.98,109.98,109.98,109.98,21768
2005-01-12,110.8,110.8,110.8,110.8,60840
2005-01-13,111.07,111.07,111.07,111.07,10156
2005-01-14,110.51,110.51,110.51,110.51,11103
2005-01-17,110.84,110.84,110.84,110.84,9197
2005-01-18,111.08,111.08,111.08,111.08,7015
2005-01-19,111.41,111.41,111.41,111.41,19893
2005-01-20,111.99,111.99,111.99,111.99,12338
2005-01-21,111.41,111.41,111.41,111.41,20508
2005-01-24,110.96,110.96,110.96,110.96,17735
2005-01-25,110.61,110.61,110.61,110.61,17895
2005-01-26,110.52,110.52,110.52,110.52,10051
2005-01-27,110.62,110.62,110.62,110.62,9552
2005-01-28,110.71,110.71,110.71,110.71,27143
2005-01-31,110.89,110.89,110.89,110.89,9197
2005-02-01,111.27,111.27,111.27,111.27,17079
2005-02-02,110.68,110.68,110.68,110.68,12468
2005-02-03,107.53,107.53,107.53,107.53,32898
2005-02-04,105.7,105.7,105.7,105.7,21455
2005-02-07,104.49,104.49,104.49,104.49,27170
2005-02-09,105.85,105.85,105.85,105.85,12231
2005-02-10,106.47,106.47,106.47,106.47,13295
2005-02-11,108.18,108.18,108.18,108.18,7764
2005-02-14,108.07,108.07,108.07,108.07,17749
2005-02-15,107.4,107.4,107.4,107.4,6636
2005-02-16,107.21,107.21,107.21,107.21,15858
2005-02-17,107.64,107.64,107.64,107.64,8725
2005-02-18,107.61,107.61,107.61,107.61,13823
2005-02-21,107.51,107.51,107.51,107.51,12509
2005-02-22,107.02,107.02,107.02,107.02,7831
2005-02-23,106.81,106.81,106.81,106.81,34620
2005-02-24,106.42,106.42,106.42,106.42,26144
2005-02-25,105.39,105.39,105.39,105.39,13138
2005-02-28,104.99,104.99,104.99,104.99,10024
2005-03-01,104.57,104.57,104.57,104.57,5204
2005-03-02,104.46,104.46,104.46,104.46,10694
2005-03-03,104.96,104.96,104.96,104.96,16396
2005-03-04,104.97,104.97,104.97,104.97,3257
2005-03-07,103.8,103.8,103.8,103.8,5979
2005-03-08,103.64,103.64,103.64,103.64,7528
2005-03-09,103.65,103.65,103.65,103.65,8920
2005-03-10,105.7,105.7,105.7,105.7,15661
2005-03-11,104.46,104.46,104.46,104.46,21269
2005-03-14,103.58,103.58,103.58,103.58,44616
2005-03-15,102.16,102.16,102.16,102.16,25501
2005-03-16,104.56,104.56,104.56,104.56,19615
2005-03-17,106,106,106,106,11955
2005-03-18,103.3,103.3,103.3,103.3,12101
2005-03-21,102.24,102.24,102.24,102.24,28233
2005-03-22,101.9,101.9,101.9,101.9,37601
2005-03-23,102.57,102.57,102.57,102.57,15502
2005-03-24,102.78,102.78,102.78,102.78,17447
2005-03-25,103.06,103.06,103.06,103.06,10682
2005-03-29,104.67,104.67,104.67,104.67,16947
2005-03-30,104.38,104.38,104.38,104.38,43776
2005-03-31,103.69,103.69,103.69,103.69,33083
2005-04-01,103.75,103.75,103.75,103.75,19208
2005-04-04,102.86,102.86,102.86,102.86,10182
2005-04-05,103.29,103.29,103.29,103.29,18143
2005-04-06,102.96,102.96,102.96,102.96,12231
2005-04-07,102.99,102.99,102.99,102.99,4783
2005-04-08,102.96,102.96,102.96,102.96,5334
2005-04-11,102.1,102.1,102.1,102.1,3586
2005-04-12,101.84,101.84,101.84,101.84,5073
2005-04-13,101.56,101.56,101.56,101.56,5924
2005-04-14,102,102,102,102,9893
2005-04-15,102.11,102.11,102.11,102.11,15463
2005-04-18,101.87,101.87,101.87,101.87,11614
2005-04-19,101.85,101.85,101.85,101.85,17802
2005-04-20,101.6,101.6,101.6,101.6,23122
2005-04-21,102.59,102.59,102.59,102.59,14872
2005-04-22,103.89,103.89,103.89,103.89,11955
2005-04-25,104.06,104.06,104.06,104.06,4979
2005-04-26,104.08,104.08,104.08,104.08,27708
2005-04-28,105.21,105.21,105.21,105.21,3283
2005-04-29,107.96,107.96,107.96,107.96,7593
2005-05-03,108.53,108.53,108.53,108.53,8920
2005-05-04,107.59,107.59,107.59,107.59,6228
2005-05-05,105.96,105.96,105.96,105.96,8264
2005-05-06,105.16,105.16,105.16,105.16,20180
2005-05-09,103.57,103.57,103.57,103.57,4061
2005-05-10,103.17,103.17,103.17,103.17,16279
2005-05-11,103.16,103.16,103.16,103.16,16790
2005-05-12,102.73,102.73,102.73,102.73,4441
2005-05-13,103.47,103.47,103.47,103.47,7934
2005-05-16,103.47,103.47,103.47,103.47,11103
2005-05-17,104.19,104.19,104.19,104.19,8736
2005-05-18,104.03,104.03,104.03,104.03,5504
2005-05-19,102.5,102.5,102.5,102.5,3404
2005-05-20,103.01,103.01,103.01,103.01,5045
2005-05-23,103.98,103.98,103.98,103.98,4571
2005-05-24,103.66,103.66,103.66,103.66,3470
2005-05-25,103.67,103.67,103.67,103.67,2103
2005-05-26,103.64,103.64,103.64,103.64,3257
2005-05-27,103.84,103.84,103.84,103.84,19102
2005-05-30,102.65,102.65,102.65,102.65,4795
2005-05-31,101.73,101.73,101.73,101.73,6727
2005-06-01,102.26,102.26,102.26,102.26,3561
2005-06-06,100.48,100.48,100.48,100.48,5347
2005-06-07,99.88,99.88,99.88,99.88,6558
2005-06-08,99.437,99.437,99.437,99.437,5610
2005-06-09,98.895,98.895,98.895,98.895,20152
2005-06-10,99.304,99.304,99.304,99.304,17118
2005-06-13,99.85,99.85,99.85,99.85,7333
2005-06-14,100.33,100.33,100.33,100.33,5755
2005-06-15,99.94,99.94,99.94,99.94,4415
2005-06-16,99.56,99.56,99.56,99.56,7554
2005-06-17,99.57,99.57,99.57,99.57,6019
2005-06-20,100.96,100.96,100.96,100.96,24948
2005-06-21,99.295,99.295,99.295,99.295,8172
2005-06-22,99.75,99.75,99.75,99.75,5583
2005-06-23,98.59,98.59,98.59,98.59,4901
2005-06-24,98.495,98.495,98.495,98.495,8697
2005-06-27,98.571,98.571,98.571,98.571,8907
2005-06-28,98.904,98.904,98.904,98.904,8619
2005-06-29,98.818,98.818,98.818,98.818,13571
2005-06-30,98.285,98.285,98.285,98.285,21112
2005-07-01,97.438,97.438,97.438,97.438,10708
2005-07-04,96.809,96.809,96.809,96.809,5859
2005-07-05,97.038,97.038,97.038,97.038,19168
2005-07-06,99.266,99.266,99.266,99.266,14727
2005-07-07,101.5,101.5,101.5,101.5,28614
2005-07-08,100.83,100.83,100.83,100.83,8369
2005-07-11,100.43,100.43,100.43,100.43,9564
2005-07-12,100.26,100.26,100.26,100.26,10997
2005-07-13,101.75,101.75,101.75,101.75,6569
2005-07-14,102.87,102.87,102.87,102.87,13902
2005-07-15,103.2,103.2,103.2,103.2,10537
2005-07-18,102.55,102.55,102.55,102.55,9145
2005-07-19,102.5,102.5,102.5,102.5,21323
2005-07-20,103.81,103.81,103.81,103.81,14307
2005-07-21,104.2,104.2,104.2,104.2,4046
2005-07-22,103.23,103.23,103.23,103.23,6648
2005-07-25,103.18,103.18,103.18,103.18,10011
2005-07-26,103.52,103.52,103.52,103.52,10366
2005-07-27,103.9,103.9,103.9,103.9,4376
2005-07-28,103.82,103.82,103.82,103.82,20022
2005-07-29,104.06,104.06,104.06,104.06,13465
2005-08-01,104.04,104.04,104.04,104.04,6240
2005-08-02,104.68,104.68,104.68,104.68,9602
2005-08-03,105.56,105.56,105.56,105.56,5413
2005-08-04,105.06,105.06,105.06,105.06,5413
2005-08-05,105.35,105.35,105.35,105.35,5402
2005-08-08,105.29,105.29,105.29,105.29,3048
2005-08-09,104.78,104.78,104.78,104.78,12402
2005-08-10,104.65,104.65,104.65,104.65,4492
2005-08-11,104.71,104.71,104.71,104.71,4768
2005-08-12,104.66,104.66,104.66,104.66,2140
2005-08-16,104.6,104.6,104.6,104.6,2904
2005-08-17,104.2,104.2,104.2,104.2,10156
2005-08-18,103.82,103.82,103.82,103.82,11890
2005-08-19,104.05,104.05,104.05,104.05,6043
2005-08-22,103.98,103.98,103.98,103.98,2509
2005-08-23,103.47,103.47,103.47,103.47,7542
2005-08-24,103.11,103.11,103.11,103.11,5059
2005-08-25,103.86,103.86,103.86,103.86,5188
2005-08-26,106.15,106.15,106.15,106.15,30691
2005-08-29,107.25,107.25,107.25,107.25,16358
2005-08-30,107.49,107.49,107.49,107.49,12667
2005-08-31,107.18,107.18,107.18,107.18,15043
2005-09-01,105.29,105.29,105.29,105.29,6318
2005-09-02,105.89,105.89,105.89,105.89,17514
2005-09-05,105.24,105.24,105.24,105.24,30715
2005-09-06,106.71,106.71,106.71,106.71,17447
2005-09-07,105.55,105.55,105.55,105.55,9223
2005-09-08,106.45,106.45,106.45,106.45,17106
2005-09-09,107.98,107.98,107.98,107.98,21323
2005-09-12,108.35,108.35,108.35,108.35,14412
2005-09-13,108.75,108.75,108.75,108.75,57242
2005-09-14,108.89,108.89,108.89,108.89,20902
2005-09-15,107.54,107.54,107.54,107.54,12033
2005-09-16,107.55,107.55,107.55,107.55,14294
2005-09-19,106.9,106.9,106.9,106.9,15463
2005-09-20,106.57,106.57,106.57,106.57,19759
2005-09-21,107.39,107.39,107.39,107.39,16435
2005-09-22,107.51,107.51,107.51,107.51,12416
2005-09-23,107.89,107.89,107.89,107.89,19168
2005-09-26,107.88,107.88,107.88,107.88,21269
2005-09-27,103.27,103.27,103.27,103.27,54576
2005-09-28,102.56,102.56,102.56,102.56,103159
2005-09-29,103.51,103.51,103.51,103.51,49004
2005-09-30,106.87,106.87,106.87,106.87,63047
2005-10-03,107.15,107.15,107.15,107.15,17396
2005-10-04,107.29,107.29,107.29,107.29,17132
2005-10-05,106,106,106,106,7619
2005-10-06,105.86,105.86,105.86,105.86,29678
2005-10-07,106.27,106.27,106.27,106.27,6463
2005-10-10,104.8,104.8,104.8,104.8,15516
2005-10-11,106.76,106.76,106.76,106.76,57294
2005-10-12,108.57,108.57,108.57,108.57,47177
2005-10-13,110.23,110.23,110.23,110.23,41516
2005-10-14,113.41,113.41,113.41,113.41,65088
2005-10-17,116.36,116.36,116.36,116.36,63180
2005-10-18,116.26,116.26,116.26,116.26,64376
2005-10-19,118.64,118.64,118.64,118.64,51830
2005-10-20,120.5,120.5,120.5,120.5,38272
2005-10-21,119.8,119.8,119.8,119.8,31190
2005-10-24,118.1,118.1,118.1,118.1,19208
2005-10-25,116.65,116.65,116.65,116.65,20589
2005-10-26,116.9,116.9,116.9,116.9,28023
2005-10-27,120.27,120.27,120.27,120.27,21903
2005-10-28,120.93,120.93,120.93,120.93,15739
2005-11-02,119.78,119.78,119.78,119.78,3929
2005-11-03,120.85,120.85,120.85,120.85,16647
2005-11-04,122.48,122.48,122.48,122.48,21836
2005-11-07,125.7,125.7,125.7,125.7,25317
2005-11-08,127.43,127.43,127.43,127.43,27510
2005-11-09,126.87,126.87,126.87,126.87,33239
2005-11-10,129.07,129.07,129.07,129.07,24897
2005-11-11,130.57,130.57,130.57,130.57,25041
2005-11-14,132.76,132.76,132.76,132.76,27642
2005-11-15,136.65,136.65,136.65,136.65,47086
2005-11-16,132.79,132.79,132.79,132.79,18681
2005-11-17,132,132,132,132,25054
2005-11-18,131.65,131.65,131.65,131.65,12691
2005-11-21,129.45,129.45,129.45,129.45,5255
2005-11-22,124.31,124.31,124.31,124.31,31110
2005-11-23,127.17,127.17,127.17,127.17,32543
2005-11-24,129.6,129.6,129.6,129.6,14885
2005-11-25,132.54,132.54,132.54,132.54,20455
2005-11-28,131.85,131.85,131.85,131.85,19535
2005-11-29,128.94,128.94,128.94,128.94,9145
2005-11-30,129.03,129.03,129.03,129.03,5979
2005-12-01,129.85,129.85,129.85,129.85,9602
2005-12-02,128.29,128.29,128.29,128.29,10629
2005-12-05,127.96,127.96,127.96,127.96,6558
2005-12-06,127.61,127.61,127.61,127.61,10551
2005-12-07,128.29,128.29,128.29,128.29,6910
2005-12-08,129.31,129.31,129.31,129.31,6148
2005-12-09,129.3,129.3,129.3,129.3,9670
2005-12-12,128.54,128.54,128.54,128.54,9631
2005-12-13,127.53,127.53,127.53,127.53,15120
2005-12-14,127.17,127.17,127.17,127.17,13480
2005-12-15,126.82,126.82,126.82,126.82,13284
2005-12-16,126.71,126.71,126.71,126.71,13178
2005-12-19,126.81,126.81,126.81,126.81,13926
2005-12-20,125.4,125.4,125.4,125.4,7120
2005-12-21,123.37,123.37,123.37,123.37,13347
2005-12-22,122.79,122.79,122.79,122.79,17343
2005-12-23,123.51,123.51,123.51,123.51,14543
2005-12-27,124.64,124.64,124.64,124.64,8750
2005-12-28,124.53,124.53,124.53,124.53,14437
2005-12-29,125.87,125.87,125.87,125.87,9592
2005-12-30,125.51,125.51,125.51,125.51,5425
2006-01-03,125.66,125.66,125.66,125.66,2995
2006-01-04,128.6,128.6,128.6,128.6,19865
2006-01-05,127.31,127.31,127.31,127.31,25515
2006-01-06,126.75,126.75,126.75,126.75,20364
2006-01-09,126.05,126.05,126.05,126.05,25724
2006-01-10,126.25,126.25,126.25,126.25,7567
2006-01-11,126.37,126.37,126.37,126.37,8499
2006-01-12,127.06,127.06,127.06,127.06,60263
2006-01-13,127.5,127.5,127.5,127.5,13268
2006-01-16,128.14,128.14,128.14,128.14,21981
2006-01-17,130.38,130.38,130.38,130.38,35368
2006-01-18,135.3,135.3,135.3,135.3,46165
2006-01-19,135.75,135.75,135.75,135.75,47743
2006-01-20,134.54,134.54,134.54,134.54,27418
2006-01-23,135.68,135.68,135.68,135.68,35040
2006-01-24,140.18,140.18,140.18,140.18,59135
2006-01-25,140.11,140.11,140.11,140.11,40437
2006-01-26,140.8,140.8,140.8,140.8,64454
2006-01-27,140.34,140.34,140.34,140.34,13257
2006-01-30,138.36,138.36,138.36,138.36,14990
2006-01-31,137.87,137.87,137.87,137.87,18181
2006-02-01,138.26,138.26,138.26,138.26,6228
2006-02-02,141.23,141.23,141.23,141.23,37586
2006-02-03,144.07,144.07,144.07,144.07,32977
2006-02-06,143.23,143.23,143.23,143.23,6949
2006-02-07,143.06,143.06,143.06,143.06,24291
2006-02-09,141.88,141.88,141.88,141.88,5859
2006-02-10,140.51,140.51,140.51,140.51,17710
2006-02-13,140.7,140.7,140.7,140.7,15358
2006-02-14,142.08,142.08,142.08,142.08,16159
2006-02-15,140.97,140.97,140.97,140.97,13518
2006-02-16,139.79,139.79,139.79,139.79,10248
2006-02-17,140.46,140.46,140.46,140.46,37575
2006-02-20,140.65,140.65,140.65,140.65,12073
2006-02-21,140.81,140.81,140.81,140.81,3968
2006-02-22,141.66,141.66,141.66,141.66,23556
2006-02-23,141.02,141.02,141.02,141.02,16133
2006-02-24,141.08,141.08,141.08,141.08,20797
2006-02-27,140.02,140.02,140.02,140.02,13127
2006-02-28,140.33,140.33,140.33,140.33,21836
2006-03-01,140.62,140.62,140.62,140.62,14254
2006-03-02,140.95,140.95,140.95,140.95,14502
2006-03-03,142.5,142.5,142.5,142.5,22020
2006-03-06,143.02,143.02,143.02,143.02,11797
2006-03-07,145.49,145.49,145.49,145.49,15226
2006-03-08,146.64,146.64,146.64,146.64,36537
2006-03-09,147.31,147.31,147.31,147.31,10891
2006-03-10,147.38,147.38,147.38,147.38,8540
2006-03-13,147.27,147.27,147.27,147.27,10617
2006-03-14,149.31,149.31,149.31,149.31,15805
2006-03-15,147.66,147.66,147.66,147.66,19523
2006-03-16,147.68,147.68,147.68,147.68,15963
2006-03-17,146.07,146.07,146.07,146.07,39900
2006-03-20,149.6,149.6,149.6,149.6,18563
2006-03-21,149.69,149.69,149.69,149.69,14530
2006-03-22,150.39,150.39,150.39,150.39,21941
2006-03-23,149.56,149.56,149.56,149.56,25829
2006-03-24,152.63,152.63,152.63,152.63,55074
2006-03-27,155.96,155.96,155.96,155.96,43827
2006-03-28,157.7,157.7,157.7,157.7,25344
2006-03-29,158.62,158.62,158.62,158.62,26643
2006-03-30,157.31,157.31,157.31,157.31,27957
2006-03-31,157.44,157.44,157.44,157.44,30835
2006-04-03,157.78,157.78,157.78,157.78,15858
2006-04-04,162.66,162.66,162.66,162.66,35721
2006-04-05,165.79,165.79,165.79,165.79,44301
2006-04-06,169.67,169.67,169.67,169.67,28669
2006-04-07,173.18,173.18,173.18,173.18,64704
2006-04-10,160.18,160.18,160.18,160.18,27524
2006-04-11,157.34,157.34,157.34,157.34,28534
2006-04-12,157.33,157.33,157.33,157.33,35064
2006-04-13,159.08,159.08,159.08,159.08,18631
2006-04-18,161.03,161.03,161.03,161.03,27524
2006-04-19,159.81,159.81,159.81,159.81,29429
2006-04-20,160.67,160.67,160.67,160.67,20589
2006-04-21,160.9,160.9,160.9,160.9,28824
2006-04-24,164.39,164.39,164.39,164.39,53852
2006-04-25,167.89,167.89,167.89,167.89,55704
2006-04-26,169.53,169.53,169.53,169.53,32017
2006-04-28,169.34,169.34,169.34,169.34,22229
2006-05-03,174.09,174.09,174.09,174.09,24384
2006-05-04,175.51,175.51,175.51,175.51,53404
2006-05-05,173.9,173.9,173.9,173.9,36958
2006-05-08,175.81,175.81,175.81,175.81,23476
2006-05-09,177.84,177.84,177.84,177.84,31031
2006-05-10,177.75,177.75,177.75,177.75,34093
2006-05-11,174.96,176.65,174.96,176.65,23346
2006-05-12,177.01,177.01,177.01,177.01,6609
2006-05-15,179.46,179.46,172.35,172.8,21336
2006-05-16,169.12,169.12,169.12,169.12,76581
2006-05-17,172.57,172.57,172.57,172.57,26473
2006-05-18,171.54,171.54,171.54,171.54,45417
2006-05-19,170.72,170.72,170.72,170.72,32543
2006-05-22,170.35,170.35,170.35,170.35,8671
2006-05-23,166.48,166.48,166.48,166.48,46442
2006-05-24,163.89,163.89,163.89,163.89,54548
2006-05-25,163.47,163.47,163.47,163.47,56321
2006-05-26,163.86,163.86,163.86,163.86,40084
2006-05-29,167.09,167.09,167.09,167.09,35341
2006-05-30,172.37,172.37,172.37,172.37,49846
2006-05-31,172.44,172.44,172.44,172.44,38243
2006-06-01,174.69,174.69,174.69,174.69,18485
2006-06-02,173.56,173.56,173.56,173.56,15160
2006-06-05,175.85,175.85,175.85,175.85,15490
2006-06-06,174.47,174.47,174.47,174.47,10221
2006-06-07,172.65,172.65,172.65,172.65,31609
2006-06-08,169.8,169.8,169.8,169.8,20797
2006-06-09,170.84,170.84,170.84,170.84,22741
2006-06-12,171.45,171.45,171.45,171.45,23872
2006-06-13,169.29,169.29,169.29,169.29,30008
2006-06-14,168.02,168.02,168.02,168.02,20377
2006-06-15,171.22,171.22,171.22,171.22,25526
2006-06-16,171.5,171.5,171.5,171.5,35368
2006-06-19,174.1,174.1,174.1,174.1,10811
2006-06-20,173.95,173.95,173.95,173.95,21217
2006-06-21,172.89,172.89,172.89,172.89,24740
2006-06-22,172.2,172.2,172.2,172.2,9971
2006-06-23,175,175,175,175,21415
2006-06-26,174.95,174.95,174.95,174.95,12191
2006-06-27,173.35,173.35,173.35,173.35,30479
2006-06-28,172.18,172.18,172.18,172.18,19615
2006-06-29,172.36,172.36,172.36,172.36,10209
2006-06-30,170.9,172.32,170.56,171.73,40017
2006-07-03,174.79,174.79,174.79,174.79,19972
2006-07-04,180.13,180.13,180.13,180.13,47074
2006-07-05,179.73,179.73,179.73,179.73,34395
2006-07-06,180.92,180.92,180.92,180.92,27575
2006-07-07,179.44,179.44,179.44,179.44,35379
2006-07-10,179.84,179.84,179.84,179.84,5873
2006-07-11,178.26,178.26,178.26,178.26,10537
2006-07-12,179.11,179.11,179.11,179.11,9564
2006-07-13,180.48,180.48,180.48,180.48,7030
2006-07-14,178.47,178.47,178.47,178.47,12691
2006-07-17,177.71,177.71,177.71,177.71,8685
2006-07-18,174.9,174.9,174.9,174.9,10787
2006-07-19,174.41,174.41,174.41,174.41,4243
2006-07-20,172.83,172.83,172.83,172.83,20402
2006-07-21,173.29,173.29,173.29,173.29,15963
2006-07-24,172.45,172.45,172.45,172.45,4021
2006-07-25,171.33,171.33,171.33,171.33,11562
2006-07-26,170.84,170.84,170.84,170.84,13111
2006-07-27,170.48,170.48,170.48,170.48,29863
2006-07-28,171.88,171.88,171.88,171.88,8999
2006-07-31,174.48,174.48,174.48,174.48,14462
2006-08-01,176.55,176.55,176.55,176.55,26630
2006-08-02,178.7,178.7,178.7,178.7,25921
2006-08-03,176.95,176.95,176.95,176.95,21363
2006-08-04,175.03,175.03,175.03,175.03,28115
2006-08-07,169.64,169.64,169.64,169.64,23411
2006-08-08,170.84,170.84,168.55,169.09,18221
2006-08-09,168.9,172.89,168.44,172.01,11483
2006-08-10,171.02,173.29,171.01,171.01,11234
2006-08-11,171.19,172.34,171.19,172.34,7159
2006-08-14,171.16,173.43,171.16,172.33,21533
2006-08-16,173.04,177.51,173.04,176.91,40071
2006-08-17,175.67,177.96,174.54,175.6,37746
2006-08-18,177.68,177.78,169.65,177.25,19510
2006-08-21,178.05,179.18,177.47,178.65,15109
2006-08-22,178.12,178.12,176.39,176.96,10773
2006-08-23,177.16,177.16,173.25,175.88,16976
2006-08-24,176.84,178.23,176.49,178.1,28629
2006-08-25,178.67,182.14,178.08,181.06,30257
2006-08-28,181.37,186.02,179.07,184.33,44550
2006-08-29,185.35,186.52,180.82,184.73,34357
2006-08-30,185.05,185.38,183.06,183.35,33607
2006-08-31,181.82,182.39,180.94,182.39,11024
2006-09-01,182.41,186.61,182.41,186.07,40281
2006-09-04,184.36,187.28,184.36,186.24,29968
2006-09-05,185.97,186.81,185.97,186.68,29442
2006-09-06,186.75,187.11,185.93,186.81,21401
2006-09-07,187.72,188.32,187.37,187.82,19628
2006-09-08,187.63,192.8,187.63,191.85,33528
2006-09-11,191.13,191.95,189.26,191.4,20561
2006-09-12,190.36,192.11,190.36,191.56,28759
2006-09-13,190.9,191.5,190.32,191.35,25002
2006-09-14,191.87,193.91,191.81,193.58,23530
2006-09-15,196.5,196.5,194.78,194.78,41937
2006-09-18,196.62,198.94,195.46,197.37,54156
2006-09-19,198.65,202.17,198.65,201.06,45548
2006-09-20,200.93,202.91,200.93,202.11,47204
2006-09-21,203.01,203.01,201.46,201.46,28338
2006-09-22,204.57,204.57,202.97,202.97,21992
2006-09-25,202.76,202.76,199.83,201.21,16816
2006-09-26,202.28,202.28,198.92,198.92,19535
2006-09-27,199.39,199.39,198.22,198.78,15293
2006-09-28,197.66,202.13,197.66,201.65,36471
2006-09-29,202.77,205.71,202.77,205.17,34999
2006-10-02,205.24,208.77,205.24,207.43,12126
2006-10-03,207.89,209.06,204.39,209.02,40347
2006-10-04,208.38,213.48,198.24,212.38,45497
2006-10-05,213.64,216.65,213.64,216.53,71416
2006-10-06,221.57,221.69,219.18,219.18,38338
2006-10-09,219.73,224.36,215.68,217.39,31913
2006-10-10,216.02,216.85,216.02,216.02,41961
2006-10-11,215.44,216.36,207.15,216.21,41201
2006-10-12,217.02,217.83,216.21,217.2,29270
2006-10-13,214.93,215.97,213.69,213.69,25763
2006-10-16,212.12,213.48,209.66,209.66,23334
2006-10-17,210.45,211.14,210.33,210.33,63218
2006-10-18,212.56,212.56,207.37,207.72,28680
2006-10-19,206.5,210.51,203.29,206.23,89678
2006-10-20,205.08,210.79,204.75,209.47,75255
2006-10-23,209.71,213.37,205.15,212.29,25279
2006-10-24,206.81,212.51,206.81,210.37,15176
2006-10-25,211.12,213.4,209.98,211.07,17514
2006-10-26,210.59,212.53,207.38,211.78,9485
2006-10-27,212.26,212.26,211.13,211.69,13532
2006-10-30,212.93,213.61,211.89,213.61,22846
2006-11-02,210.89,213.04,205.1,212.21,25580
2006-11-03,213.04,213.04,210.62,210.62,22414
2006-11-06,208.92,208.92,208.46,208.69,10366
2006-11-07,209.04,210.07,207.92,207.92,17027
2006-11-08,208.16,209.75,208.16,209.09,8449
2006-11-09,209.45,211.16,209.45,211.15,11286
2006-11-10,210.39,211.97,208.67,210.49,16461
2006-11-13,208.99,210.11,208.43,209.08,20102
2006-11-14,208.6,208.61,207.48,207.68,10259
2006-11-15,207.63,207.63,204.64,205.64,10719
2006-11-16,205.83,206.38,204.27,204.27,30755
2006-11-17,206.43,206.98,205.38,206.98,30979
2006-11-20,206.94,211.03,204.54,210.39,40713
2006-11-21,209.45,210.59,208.34,209.03,15080
2006-11-22,210.44,211.8,209.88,211.41,25975
2006-11-23,213.03,213.03,210.8,211.8,15739
2006-11-24,210.3,212.56,210.3,210.65,3444
2006-11-27,211.16,211.96,211.16,211.35,17146
2006-11-28,211.64,211.65,211.39,211.39,18276
2006-11-29,210.99,212.13,209.3,210.99,15871
2006-11-30,209.71,210.61,209.7,210.15,4099
2006-12-01,209.25,210.61,209.25,209.72,23451
2006-12-04,210.44,211.46,210.01,211.01,16698
2006-12-05,209.64,213.79,209.64,213.03,32134
2006-12-06,213.26,213.34,211.13,212.9,37980
2006-12-07,213.67,213.73,212.77,212.89,27444
2006-12-08,212.08,214.6,212.08,214.43,17118
2006-12-11,212.29,213.87,212.29,213.42,27299
2006-12-12,212.52,213.41,211.64,211.97,16870
2006-12-13,211.04,212.39,211.04,211.74,13019
2006-12-14,212.14,212.14,210.94,211.11,11088
2006-12-15,210.82,211.39,205.35,206.64,49715
2006-12-18,209.35,210.17,208.16,208.16,24609
2006-12-19,207.83,208.71,207.59,208.69,33672
2006-12-20,209.34,211.59,208.79,210.75,30414
2006-12-21,208.59,211.28,208.59,211.12,15556
2006-12-22,211.71,212.84,208.33,211.99,12231
2006-12-27,213.96,213.96,207.38,212.09,13098
2007-01-03,210.56,218.66,210.56,217.74,6003
2007-01-04,216.73,224.35,216.73,223.77,35997
2007-01-05,227.15,227.97,225.49,227.23,53065
2007-01-08,232.13,232.13,229.38,230.18,56401
2007-01-09,229.64,230.58,229.22,230.11,65112
2007-01-10,232.17,233.81,231.06,232.6,37101
2007-01-11,232.36,233.72,232.36,233.1,61538
2007-01-12,233.67,235.88,233.67,234.98,22860
2007-01-15,235.52,246.47,235.12,240.77,38480
2007-01-16,246.19,246.74,238.52,240.98,51972
2007-01-17,244.49,244.49,231.16,236.65,50910
2007-01-18,235.89,242.74,232.32,237.58,50738
2007-01-19,241.69,241.69,235.44,236.78,14043
2007-01-22,237.57,238.92,236.21,238.35,24515
2007-01-23,240.53,243.94,237.68,241.9,29258
2007-01-24,245.59,247.09,245.18,246.07,38901
2007-01-25,246.84,248.63,245.74,248.19,74559
2007-01-26,249.53,250.79,249.53,249.62,57401
2007-01-29,248.35,250.71,248.35,250.18,32253
2007-01-30,250.94,261.8,250.94,256.4,38297
2007-01-31,258.6,259.97,247.46,251.23,61157
2007-02-01,250.75,255.18,249.25,254.23,77985
2007-02-02,255.42,255.69,251.41,254.48,36012
2007-02-05,252.69,252.69,245.28,247.69,34144
2007-02-06,246.37,248.55,244.99,246.67,17946
2007-02-07,245.86,250.5,245.86,250.44,15080
2007-02-09,251.21,252.71,249.43,251.48,14462
2007-02-12,252.64,252.64,246.56,248.6,22520
2007-02-13,249.65,250.74,247.15,249.35,24291
2007-02-14,248.85,251.34,248.29,250.94,18367
2007-02-15,248.64,250.29,245.33,248.88,8725
2007-02-16,249.62,249.88,247.41,248.26,8145
2007-02-19,248.19,248.19,243.08,244.88,14636
2007-02-20,246.9,246.9,218.23,239.3,23149
2007-02-21,239.66,241.03,234.14,239.19,36812
2007-02-22,238.85,242.83,238.7,240.05,30731
2007-02-23,240.01,244.41,240.01,243.04,22558
2007-02-26,243.04,243.04,236.57,237.14,40372
2007-02-27,239.42,242.17,236.1,236.58,21467
2007-02-28,235.47,235.47,230.63,233.96,45851
2007-03-01,216.63,232.52,216.63,231.8,33053
2007-03-02,231.64,231.77,228.89,229.28,25946
2007-03-05,227.41,230.46,217.71,219.18,93030
2007-03-06,219.41,225.76,218.03,224.95,64756
2007-03-07,226.04,231.29,224.25,228.93,66202
2007-03-08,228.62,232.33,228.62,231.97,49715
2007-03-09,232.37,233.18,231.82,232.76,33199
2007-03-12,232.61,233.97,225.22,226.45,43683
2007-03-13,227.5,227.91,221.17,222.74,31308
2007-03-14,221.22,226.33,220.8,224.04,27984
2007-03-15,223.8,228.19,223.66,226.95,8593
2007-03-16,225.7,227.91,212.12,222.33,12863
2007-03-19,221.85,222.12,220.47,221.87,28694
2007-03-20,224.19,227.21,220.5,222.03,15595
2007-03-21,223.66,226.15,222.03,223.31,14452
2007-03-22,223.72,224.42,219.35,221.57,39294
2007-03-23,221.91,222.04,220.66,221.17,29009
2007-03-26,221.71,226.22,221.71,225.76,38441
2007-03-27,224.51,229.72,224.51,228,24936
2007-03-28,228.54,229.64,228.26,228.68,10983
2007-03-29,227.66,229.59,225.47,227.73,18353
2007-03-30,227.66,229.31,227.12,227.44,22585
2007-04-02,226.7,228.06,226.15,227.75,38086
2007-04-03,226.05,227.69,222.23,227.27,65346
2007-04-04,226.56,236.92,226.56,235.63,43328
2007-04-05,236.37,242.63,233.78,235.07,44931
2007-04-10,236.37,236.37,228.36,231.12,19276
2007-04-11,228.74,232.8,228.74,232.09,46442
2007-04-12,231.63,235.54,231.22,232.61,35209
2007-04-13,233.58,235.5,230.6,232.02,24883
2007-04-16,229.91,230.45,225.57,229.97,38676
2007-04-17,229.8,235.2,229.8,233.92,44511
2007-04-18,231.58,234.54,231.32,232.93,30860
2007-04-19,232.28,234.31,229.45,231.41,22860
2007-04-20,229.26,234.75,229.26,234.75,30873
2007-04-23,230.13,236.42,230.13,235.83,12797
2007-04-24,235.72,237.07,233.32,234.66,13518
2007-04-25,235.33,235.46,232.84,233.99,21286
2007-04-26,234.49,236.22,233.55,235.14,31151
2007-04-30,235.72,237.33,233.04,236.46,6518
2007-05-03,236.25,238.12,235.72,237.1,17789
2007-05-04,233.8,234.19,232.08,232.82,9932
2007-05-07,232.7,232.82,228.46,232.22,9393
2007-05-08,230.54,230.94,227.23,229.04,6529
2007-05-09,229.41,231.54,227.83,230.9,21941
2007-05-10,226.81,230.4,226.81,228.4,5188
2007-05-11,230.42,232.55,229.48,231.1,4189
2007-05-14,229.79,230.32,228.73,229.8,7254
2007-05-15,230.09,231.02,229.15,229.66,20954
2007-05-16,229.96,236.67,229.96,231.47,18839
2007-05-17,231.82,237.71,231.82,235.93,15096
2007-05-18,239.12,245.56,234.65,243.46,56677
2007-05-21,241.13,244.86,241.13,244.35,33843
2007-05-22,243.23,244.17,234.83,237.1,35709
2007-05-23,236.39,242.96,235.04,242.61,35328
2007-05-24,237.47,244.31,237.47,243.46,33173
2007-05-25,242.56,244.18,240.14,242.56,13796
2007-05-28,241.84,244.38,241.84,243.71,7135
2007-05-29,243.07,243.61,240.38,242.21,8449
2007-05-30,243.6,244.94,241.43,244.47,9631
2007-05-31,244.41,245.75,243.51,245.41,33358
2007-06-01,243.89,246.71,243.89,246.49,12888
2007-06-04,243.88,246.44,232.85,244.66,24083
2007-06-05,246.2,247.81,236.46,245.2,30939
2007-06-06,245.92,247.27,237.17,245.96,17538
2007-06-07,247.81,247.81,245.93,245.93,19654
2007-06-08,248.46,250.37,243.51,243.51,12245
2007-06-11,243.9,245.52,242.54,242.85,14072
2007-06-12,244.55,245.5,242.13,244.98,30755
2007-06-13,246.07,250.15,246.07,249.33,31230
2007-06-14,249.79,251.42,248.45,250.41,27564
2007-06-15,250.44,256.09,249.35,253.84,42895
2007-06-18,252.91,264.6,252.91,263.45,35892
2007-06-19,263.94,268.92,263.01,263.01,30820
2007-06-20,262.21,262.21,256.85,257.76,21757
2007-06-21,257.8,262.36,253.64,260.07,13465
2007-06-22,259.72,264.55,259.72,262.22,17356
2007-06-26,262.92,265.61,262.92,265.46,31938
2007-06-27,266.31,266.46,264.3,266.44,14188
2007-06-28,263.89,265.75,262.29,264.69,16358
2007-06-29,263.77,264.84,262.83,264.27,13532
2007-07-02,264.28,268.27,262.68,264.29,17421
2007-07-03,265.73,271.04,265.73,269.43,38743
2007-07-04,271.27,273.4,263.7,264.9,19156
2007-07-05,264.5,270.2,264.5,268.25,32305
2007-07-06,269.47,270.8,242.99,269.44,12388
2007-07-09,267.34,267.34,262.25,262.98,15346
2007-07-10,263.43,264.39,260.62,261.61,20797
2007-07-11,255.53,260.64,250.28,259.58,44248
2007-07-12,257.11,267.28,257.11,266.21,24214
2007-07-13,269.57,269.57,261.56,264.69,26659
2007-07-16,267.37,267.37,264.96,266.98,11746
2007-07-17,265.54,266.75,263,266.46,15701
2007-07-18,267.46,268.39,265.45,265.91,15687
2007-07-19,266.56,276.58,256.66,275.67,22204
2007-07-20,275.71,275.84,256.96,273.84,26459
2007-07-23,273.54,273.54,267.5,268.87,15647
2007-07-24,267.24,273.27,267.24,271.69,12416
2007-07-25,273.36,277,271.47,276.09,16936
2007-07-26,275.89,279.4,275.34,278.99,19299
2007-07-27,277.52,277.52,272.9,275.28,12521
2007-07-30,274.93,276.28,271.95,272.63,16751
2007-07-31,271.22,280.96,271.22,280.47,31925
2007-08-01,285.34,285.89,281.95,283.31,15541
2007-08-02,287.02,292.84,287.02,292.25,57005
2007-08-03,295.84,299.34,293.8,297.49,47507
2007-08-06,300.25,302.7,300.02,301.69,22348
2007-08-07,302.07,310.31,299.54,310.2,21599
2007-08-08,320.93,320.93,304.2,316.02,41884
2007-08-09,318.73,321.83,318.73,321.41,44735
2007-08-10,322.97,322.97,310.97,310.97,56191
2007-08-13,308.8,310.15,302.09,304.11,51237
2007-08-14,307.23,315.58,304.81,312.1,25290
2007-08-16,316.5,316.5,308.27,308.27,47374
2007-08-17,306.12,306.12,293.82,294.61,63102
2007-08-20,302.63,304.82,295.83,302.27,38456
2007-08-21,309.21,312.5,305.78,307.06,30611
2007-08-22,309.1,309.1,304.72,305.52,23819
2007-08-23,307.28,308.53,303.2,306.51,21363
2007-08-24,311.6,317.75,309.14,315.33,27933
2007-08-27,317.28,322.19,316.74,320.1,24449
2007-08-28,321.02,322.11,319.65,321.45,24909
2007-08-29,322.8,322.8,320.89,321.65,24711
2007-08-30,320.58,322.91,320.58,320.95,23451
2007-08-31,321.82,327,318.82,326.5,40596
2007-09-03,329.01,332.01,320.56,321.65,16857
2007-09-04,324.75,327.22,313.58,314.95,31440
2007-09-05,318.64,321.09,311.28,318.37,20694
2007-09-06,319.35,323.97,319.35,323.34,19314
2007-09-07,325.26,325.51,320.08,321.67,23998
2007-09-10,324.04,324.04,316.45,319.74,11692
2007-09-11,319.17,319.17,316.46,318.06,10957
2007-09-12,317.13,317.4,315.25,316.33,12997
2007-09-13,316.5,316.77,307.61,308.6,8980
2007-09-14,315.38,315.64,310.26,314.54,25501
2007-09-17,316.9,319.03,316.08,317.83,8721
2007-09-18,317.63,318.44,313.03,314.15,15881
2007-09-19,312.24,313.58,311.16,311.99,13499
2007-09-20,311.77,311.77,303.71,303.74,17656
2007-09-21,306.06,308.5,300.44,300.96,36147
2007-09-24,305.76,306.82,299.31,302.23,14033
2007-09-25,300.81,305.92,296.79,298.59,22724
2007-09-26,301.15,307.05,298.99,306.77,21114
2007-09-27,309.41,312.11,309.41,311.99,31666
2007-09-28,311.8,314.78,309.64,310.57,57948
2007-10-01,311.56,313.99,309.41,311.8,28034
2007-10-02,312.68,312.68,309.45,311.48,15718
2007-10-03,310.57,312.18,309.22,311.26,24078
2007-10-04,310.99,312.05,306.42,306.72,14008
2007-10-05,307.28,311.3,306.75,311.28,15096
2007-10-08,309.54,311.41,307.67,308.21,15848
2007-10-09,310.26,310.51,307.04,308.86,17055
2007-10-10,307.63,309.52,306.29,307.06,13797
2007-10-11,307.44,307.44,294.36,296.33,26760
2007-10-12,292.55,305.04,292.55,303.49,18854
2007-10-15,300.85,304.83,299.53,300.26,10344
2007-10-16,302.21,302.21,299.55,300.04,8646
2007-10-17,298.52,299.05,296.14,298.18,17399
2007-10-18,298.12,298.65,289.13,291.2,20949
2007-10-19,285.86,293.73,283.75,292.15,43886
2007-10-22,293.01,294.07,287.75,289.05,18811
2007-10-23,289.31,293.22,287.24,292.21,39053
2007-10-24,294.44,301.22,294.44,300.27,21077
2007-10-25,300.49,301.27,298.67,299.64,22800
2007-10-26,298.93,299.7,297.12,297.38,13530
2007-10-29,297.08,299.42,295.8,298,15227
2007-10-30,299.22,300.24,298.19,300.04,11364
2007-11-02,299.7,306.72,298.41,304.9,34870
2007-11-05,301.88,309.14,301.35,303.66,17062
2007-11-06,304.36,306.95,303.05,303.29,17049
2007-11-07,304.54,305.83,296.01,297.46,21459
2007-11-08,301.39,305.02,293.6,294.17,23555
2007-11-09,294.7,302.2,293.67,297.67,33829
2007-11-12,303.23,303.23,290.51,292.61,20186
2007-11-13,293.75,293.75,285.95,288.5,22691
2007-11-14,287.3,287.3,279.79,282.2,24100
2007-11-15,287.1,292.58,284.74,287.79,28806
2007-11-16,292.88,298.38,290.52,297.59,30781
2007-11-19,295.1,295.37,285.18,288.1,30595
2007-11-20,290.49,292.33,282.1,283.62,29391
2007-11-21,289,289,279.29,283.54,23404
2007-11-22,283.72,284.77,280.84,282.22,58313
2007-11-23,296.32,296.32,286.34,292.58,42364
2007-11-26,296.03,301.01,296.03,300.13,26421
2007-11-27,302.57,303.36,297.84,298.25,29018
2007-11-28,298.85,299.38,295.99,296.71,13963
2007-11-29,295.89,296.15,292.25,293.18,13446
2007-11-30,293.4,294.45,292.38,293.88,10683
2007-12-03,293.6,298.76,293.35,296.98,27282
2007-12-04,299.06,306.81,299.06,303.48,26051
2007-12-05,306.01,308.57,304.97,307.42,36947
2007-12-06,306.63,319.14,306.38,315.37,35676
2007-12-07,329.53,329.79,319.81,320.83,50243
2007-12-10,324.54,325.31,310.8,313.17,40481
2007-12-11,315.02,315.02,308.66,311,24903
2007-12-12,313.89,314.65,309.04,310.46,15017
2007-12-13,313.28,313.53,310.22,311.41,15417
2007-12-14,314.77,315.01,312.19,313.23,22779
2007-12-17,315.88,319.5,315.61,317.78,22730
2007-12-18,319.62,321.95,318.34,320.63,24730
2007-12-19,321.41,322.17,316.77,317.62,21698
2007-12-20,319.2,321.53,318.43,319.83,28984
2007-12-21,319.01,321.07,315.15,315.68,39126
2007-12-24,317.92,319.22,315.35,317.97,9948
2007-12-27,319.68,319.68,318.39,319.47,11547
2007-12-28,318.49,320.54,318.23,319.51,7768
2008-01-03,320.07,320.33,314.4,315.84,7537
2008-01-04,315.78,318.6,314.23,317.96,13154
2008-01-07,316.74,317.77,306.73,307.62,22657
2008-01-08,305.69,305.69,298.76,303.35,21036
2008-01-09,302.29,307.42,302.29,305.5,14802
2008-01-10,309.13,315.02,307.33,312.81,13716
2008-01-11,312.69,316,312.18,312.99,20095
2008-01-14,314.08,314.35,312.05,313.09,6741
2008-01-15,312.79,313.04,306.94,308.26,10156
2008-01-16,307.5,309.55,301.1,303.3,18830
2008-01-17,303.88,307.75,303.63,306.22,17951
2008-01-18,260.97,307.49,260.97,302.39,28599
2008-01-21,297.05,303.01,285.37,289.21,42354
2008-01-22,275.33,284.19,263.34,271.97,127922
2008-01-23,287.56,299.72,276.7,291.52,102137
2008-01-24,301.59,303.4,297.98,301.1,58350
2008-01-25,313.99,313.99,294.92,297.28,50323
2008-01-28,294.51,302.27,289.35,290.24,24512
2008-01-29,296.35,297.13,291.71,294.67,23746
2008-01-30,301.53,301.53,290.18,290.79,19080
2008-01-31,293.87,294.13,289.48,292.62,10844
2008-02-01,292.23,292.23,280.14,281.77,30664
2008-02-04,282.98,286.54,277.4,277.99,18436
2008-02-05,281.57,284.37,278.51,280.27,18548
2008-02-06,281.52,281.52,276.93,277.83,15348
2008-02-07,278.76,279.29,271.85,272.75,37751
2008-02-11,279.93,280.19,258.23,263.07,35008
2008-02-12,267.25,273.95,257.72,269.69,61323
2008-02-13,269.35,271.91,264.46,271.83,25124
2008-02-14,280.99,281.24,274.09,274.97,26299
2008-02-15,278.94,278.94,269.73,270.73,17396
2008-02-18,267.89,272.74,267.12,270.75,11692
2008-02-19,270.18,272.73,267.64,270,8057
2008-02-20,272.31,276.92,268.22,274.35,18965
2008-02-21,277.34,277.34,272.75,274.92,5900
2008-02-22,275.02,278.84,275.02,277.52,7071
2008-02-25,278.86,284.2,274.55,283.42,19097
2008-02-26,281.21,287.99,280.95,285.8,14578
2008-02-27,286.35,286.35,277.27,279.88,11232
2008-02-28,276.15,282.16,274.89,278.08,8804
2008-02-29,281.05,281.05,273.52,275.47,7617
2008-03-03,272.18,273.44,264.62,265.71,20145
2008-03-04,264.12,272.65,260.85,270.64,12670
2008-03-05,270.67,273.94,270.67,273.46,12116
2008-03-06,276.4,277.15,271.86,272.84,9404
2008-03-07,274.08,278.66,271.27,272.5,14837
2008-03-10,269.74,272.78,267.46,272.21,10441
2008-03-11,271.96,271.96,265.64,267.2,17948
2008-03-12,269.58,270.08,265.31,265.83,10926
2008-03-13,269.07,269.07,265.28,267.38,17947
2008-03-14,264.25,269.28,264.25,268.53,13957
2008-03-17,268.31,270.36,261.21,261.86,24344
2008-03-18,260.05,263.58,256.26,260.69,26206
2008-03-19,263.97,264.21,251.87,252.54,56427
2008-03-20,251.35,251.61,232.97,236.51,103225
2008-03-25,246.45,246.45,235.14,236.13,48358
2008-03-26,239.09,239.09,224.47,233.8,74000
2008-03-27,226.19,231.23,226.19,230.21,56099
2008-03-28,230.29,241.1,229.78,237.37,36527
2008-03-31,241.01,242.9,231.97,233.78,59018
2008-04-01,237.74,237.74,231.49,234.6,23957
2008-04-02,237.78,237.78,232.67,233.92,13467
2008-04-03,235.74,240.71,235.74,240.46,21315
2008-04-04,243.53,243.53,240.8,241.18,17109
2008-04-07,241.96,242.84,236.77,237.28,9900
2008-04-08,237.5,238.1,234.9,236.26,19550
2008-04-09,235.14,235.14,229.22,230.24,11865
2008-04-10,231.06,231.06,222.68,224.91,21691
2008-04-11,220.25,222.82,220.25,221.72,24395
2008-04-14,220,221.23,207.67,209.91,116894
2008-04-15,202.09,206.71,193.34,195.67,119496
2008-04-16,194.42,204.87,193.46,204.05,120607
2008-04-17,210.79,219.71,209.57,218.95,84378
2008-04-18,231.25,231.25,218.54,225.13,58524
2008-04-21,229.41,231.85,227.58,228.49,55551
2008-04-22,232.41,234.96,225.36,226.75,37215
2008-04-23,228.32,228.32,218.83,219.8,36654
2008-04-24,222.46,222.46,219.39,219.75,14845
2008-04-25,225.16,227.96,222.83,226.14,22310
2008-04-28,226.91,235.5,226.91,234.79,23509
2008-04-29,233.34,234.58,232.13,232.93,6228
2008-04-30,235.55,237.77,234.09,235.39,10179
2008-05-05,233.18,240.29,233.18,239.98,21626
2008-05-06,242.03,250.01,240.93,247.65,37903
2008-05-07,251.71,251.71,245.86,248.18,14351
2008-05-08,246.59,246.59,234.27,241.1,9633
2008-05-09,233.99,242.01,233.99,241.2,9792
2008-05-12,235.17,245.59,235.17,243.14,23337
2008-05-13,242.47,242.47,237.03,238.67,18010
2008-05-14,241.16,241.4,237.17,239.43,4260
2008-05-15,237.93,241.2,237.93,239.94,10019
2008-05-16,238.74,240.32,238.39,238.81,25635
2008-05-19,238.7,238.7,236.53,237.08,6638
2008-05-20,237.01,238.23,236.66,237.01,4682
2008-05-21,238.17,238.17,235.27,236.14,9232
2008-05-22,234.55,235.88,231.53,232.54,6710
2008-05-23,232.94,232.94,228.44,230.17,9945
2008-05-26,231.02,231.86,228.35,231.07,12844
2008-05-27,230.94,232.02,228.15,229.13,7656
2008-05-28,229.69,234.9,229.69,234.86,9796
2008-05-29,231.93,235.78,231.45,233.86,10772
2008-05-30,229.29,234.82,229.29,233.81,14761
2008-06-02,232.51,236.36,232.39,235.16,8338
2008-06-03,232.83,235.37,232.48,233.05,5173
2008-06-04,232.23,232.23,226.47,230.7,4196
2008-06-05,229.46,230.54,225.37,225.79,10973
2008-06-06,227.08,230.2,226.12,229.11,7096
2008-06-09,227.55,227.55,222.58,225.42,12020
2008-06-10,222.76,225.76,222.76,225.21,5370
2008-06-11,224.35,229.64,222.54,223.5,5688
2008-06-12,224.47,225.44,222.08,222.34,5688
2008-06-13,222.65,224.35,220.96,222.88,5894
2008-06-16,221.38,222.11,219.7,221.3,4510
2008-06-17,220.42,220.91,218,218.33,6870
2008-06-18,218.4,218.53,215.4,216.59,19074
2008-06-19,210.09,216.09,210.09,216,28772
2008-06-20,213.55,230.34,212.6,228.28,32664
2008-06-23,227.92,229.11,219.76,220.5,10757
2008-06-24,220.57,220.57,215.78,216.19,4872
2008-06-26,215.82,218.09,211.87,213.33,13980
2008-06-27,211.6,220.96,211.6,215.29,20331
2008-06-30,210.88,215.18,210.88,214.8,3105
2008-07-01,215.07,215.19,211.71,213.35,5082
2008-07-02,213.85,213.85,210.98,211.77,6031
2008-07-03,210.99,211.45,204.52,205.53,17931
2008-07-04,205.15,207.51,202.06,206.37,31142
2008-07-07,205.38,205.87,203.6,205.38,17180
2008-07-08,203.67,209.52,202.38,207.37,38635
2008-07-09,206.99,211.61,206.52,211,15857
2008-07-10,212.22,214.23,211.04,212.76,23570
2008-07-11,211.92,213.12,207.22,207.41,6450
2008-07-14,205.24,208.29,202.79,207.38,6914
2008-07-15,205.02,207.84,204.66,206.95,5146
2008-07-16,202.2,206.03,198.59,199.74,10240
2008-07-17,202.3,206.02,201.84,204.44,11466
2008-07-18,208.08,208.08,203.9,205.67,4278
2008-07-21,204.69,210.25,204.69,207.27,8835
2008-07-22,208.83,209.87,204.41,205.93,4830
2008-07-23,210.19,216.78,210.19,215.92,14797
2008-07-24,211.02,218.83,211.02,218.65,11816
2008-07-25,210.39,215.92,210.16,210.94,7939
2008-07-28,211.43,213.52,205.65,212.99,12021
2008-07-29,215.36,215.36,210.37,213.38,14855
2008-07-30,212.48,216.99,212.38,215.03,14005
2008-07-31,214.66,217.78,214.66,216.79,17883
2008-08-01,217.82,218.98,215.51,216.94,8135
2008-08-04,216.2,216.2,214.12,215.41,8957
2008-08-05,216.01,217.52,216.01,217.2,6811
2008-08-06,218.98,220.61,216.64,219.22,9764
2008-08-07,221.9,221.9,219.1,219.7,4440
2008-08-08,220.03,221.91,220.03,221.54,7037
2008-08-11,221.85,222.9,220.67,221.1,5723
2008-08-12,222.34,222.34,219.01,220.61,4421
2008-08-13,220.88,220.88,216.64,217.84,3738
2008-08-14,221.38,221.38,216.49,219.67,7078
2008-08-18,218.88,221.52,218.88,220.89,18589
2008-08-19,219.73,221.05,218.65,219.05,2722
2008-08-20,214.95,217.81,214.72,215.21,5704
2008-08-21,215.21,215.82,210.2,210.82,6440
2008-08-22,209.32,216.22,209.32,213.74,4344
2008-08-25,212.39,215.83,212.39,213.28,7296
2008-08-26,212.34,212.57,211.02,211.54,8000
2008-08-27,212.48,213.33,208.78,210.88,9921
2008-08-28,213.35,213.35,211.89,212.43,4667
2008-08-29,214.27,216.07,212.11,214.22,7823
2008-09-01,212.79,216.99,212.79,216.7,4833
2008-09-02,219.82,219.82,216.81,217.78,8476
2008-09-03,218.53,220.11,216.09,216.48,6393
2008-09-04,217.31,218.16,216.33,217.83,6279
2008-09-05,217.82,222.53,217.82,219.1,8941
2008-09-08,221.17,222.3,220.29,222.08,10701
2008-09-09,224.43,224.43,217.58,219.91,12317
2008-09-10,218.02,221.52,217.27,218.3,8519
2008-09-11,213.98,216.07,206.38,207.71,9244
2008-09-12,206.06,206.06,202.43,202.96,13199
2008-09-15,200.75,200.99,184.04,191.98,66245
2008-09-16,192.69,194.88,187.82,188.57,39468
2008-09-17,185.06,185.06,175.33,179.21,58143
2008-09-18,179.69,184.43,169,180.68,92427
2008-09-19,188.71,194.68,186.32,191.75,54940
2008-09-22,196.76,197.93,193.46,196.69,42114
2008-09-23,198.37,198.37,186.69,188.73,30275
2008-09-24,190.6,195.48,188.8,195.23,10833
2008-09-25,193.69,195.01,192.61,194.03,11158
2008-09-26,195.42,195.9,192.38,193.08,6112
2008-09-29,195.64,198.08,191.12,192.69,8285
2008-09-30,179.1,187.57,177.99,183.22,39933
2008-10-01,186.11,188.42,182.47,184.95,22697
2008-10-02,189.95,195.83,189.95,191.72,28502
2008-10-03,189.63,192.1,185.93,189.55,32342
2008-10-06,183.2,188.41,178.26,180.41,22814
2008-10-07,180.51,181.5,174.54,178.24,59053
2008-10-08,171.07,177.34,162.38,163.69,87743
2008-10-09,167.34,176.56,167.34,168.94,64358
2008-10-10,160.56,176.69,160.56,161.45,69660
2008-10-13,162.56,176.36,162.56,173.86,61615
2008-10-14,184.96,187.61,181.82,186.9,71945
2008-10-15,185.65,189.09,178.01,179.08,42332
2008-10-16,171.1,180.7,169.58,176.89,39786
2008-10-17,182.35,184.27,178.35,179.03,20707
2008-10-20,183.31,185.48,174.35,176.24,34956
2008-10-21,185.73,185.73,181.86,182.6,22134
2008-10-22,186.73,187.54,183.38,183.76,14681
2008-10-23,188.83,189.78,186.21,187.29,15194
2008-10-24,189.35,191.75,181.86,183.33,36692
2008-10-27,170.94,176.45,165.7,166.98,70280
2008-10-28,170.77,170.77,161.26,167.48,52889
2008-10-29,170.07,171.88,164.96,165.41,37032
2008-10-30,164.8,167.61,164.4,165.28,25831
2008-11-03,169.09,170.36,166.78,168,14784
2008-11-04,168.77,170.82,166.47,169.91,28307
2008-11-05,173.31,176.46,170.39,171.23,35923
2008-11-06,171.44,174.38,169.27,169.71,23565
2008-11-07,174.72,175.62,171.58,175.06,22959
2008-11-10,178.83,178.83,174.5,177.19,17538
2008-11-11,175.67,178.44,171.21,173.21,15045
2008-11-12,178.38,180.42,176.09,176.49,18168
2008-11-13,175.86,175.86,171.67,174.1,22653
2008-11-14,174.86,177.43,170.43,170.94,21258
2008-11-17,171.71,171.85,163.26,164.04,24537
2008-11-18,166.8,166.93,159.98,161.81,41970
2008-11-19,161.03,161.73,152.73,153.19,38538
2008-11-20,141.88,151.61,137.72,138.91,85775
2008-11-21,136.94,141.72,135.57,141.05,74779
2008-11-24,152.69,152.69,146.82,149.47,26045
2008-11-25,152.74,154.95,149.68,151.52,43255
2008-11-26,151.07,151.47,139.19,139.91,33706
2008-11-27,140.89,147.67,140.76,145.75,27218
2008-11-28,147.5,148.46,143.99,145.06,22079
2008-12-01,148.94,149.22,145.61,145.92,24279
2008-12-02,142.36,146.36,138.09,144.08,21255
2008-12-03,145.43,148.33,144.05,145.87,16857
2008-12-04,150.46,150.46,148.08,149.81,23304
2008-12-05,148.45,148.45,147.05,148.21,16810
2008-12-08,150.48,155.23,147.55,147.84,24388
2008-12-09,150.12,152.11,149.57,150.15,22456
2008-12-10,153.98,155.7,153.57,155.08,25364
2008-12-11,154.45,156.72,154.45,156.15,16870
2008-12-12,154.38,154.38,152.09,153.61,16375
2008-12-15,154.7,155.1,151.97,153.62,22745
2008-12-16,156.46,156.91,155.46,156.64,8866
2008-12-17,158.68,158.84,156.79,157.18,9639
2008-12-18,160.85,160.85,156.05,158.72,18030
2008-12-19,156.74,156.74,151.69,152.43,19989
2008-12-22,150.76,152.53,141.89,142.43,26541
2008-12-23,142.36,142.36,134.01,136,60758
2008-12-24,138.28,147.75,134.79,141.31,27787
2008-12-29,147.73,148.28,139.56,145,16895
2008-12-30,144.09,146.44,143.94,145.66,28016
2008-12-31,145.8,147.28,142.76,144.35,9413
2009-01-05,142.24,145.2,139.28,141.14,13527
2009-01-06,140.43,141.12,139.9,140.43,20748
2009-01-07,135.46,143.9,135.43,143.3,16044
2009-01-08,144.93,150.43,144.65,146.95,26667
2009-01-09,148.11,152.5,148.11,151.98,17188
2009-01-12,150.67,155.32,150.54,155.09,18269
2009-01-13,159.4,159.4,152.22,152.49,20950
2009-01-14,156.88,156.88,153.46,154.86,11726
2009-01-15,155.09,158.74,153.72,158.46,19417
2009-01-16,157.04,161.82,156.86,160.63,13834
2009-01-19,169.25,173.9,167.7,171.8,19622
2009-01-20,172.09,173.97,165.7,166.45,10286
2009-01-21,166.11,166.41,159.25,162.28,17604
2009-01-22,165.44,166.22,163.89,164.33,27604
2009-01-23,170.35,177.16,167.81,173.67,23980
2009-01-26,173.79,174.09,171.25,173.08,8841
2009-01-27,171.2,173.07,169.64,170.59,17450
2009-01-28,171.91,173.33,170.34,170.81,10066
2009-01-29,173.04,173.19,171.14,172.16,7402
2009-01-30,175.23,175.23,173.32,173.53,8258
2009-02-02,174.17,174.82,172.58,172.96,8860
2009-02-03,173.34,175.6,172.84,173.51,11211
2009-02-04,183.35,185.21,179.81,184.19,9781
2009-02-05,182.2,190.4,182.2,189.73,16538
2009-02-06,187.86,192.13,187.86,189.01,20707
2009-02-09,191.62,193.27,191.48,192.78,32884
2009-02-10,192.54,193.51,185.46,186.9,30161
2009-02-11,189.34,189.34,182.96,189.34,18528
2009-02-12,191.93,194.42,189.28,193.76,5717
2009-02-13,194,196.16,194,196,6938
2009-02-16,200.94,200.94,197.68,198.37,4073
2009-02-17,199.81,199.81,194.93,195.63,14279
2009-02-18,199.77,202.95,196.95,196.95,25642
2009-02-19,188.45,192.5,188.29,191.95,17440
2009-02-20,193.67,194.88,191.79,192.48,16387
2009-02-23,189.93,189.93,185.02,185.86,24982
2009-02-24,183.82,184.5,174.56,175.9,26361
2009-02-25,177.36,181.73,176.18,177.87,21248
2009-02-26,180.54,180.54,175.79,179.54,13198
2009-02-27,179.84,180.52,176.15,176.65,6272
2009-03-02,179.92,179.92,177.34,179.92,33026
2009-03-03,177.89,179.77,175.33,175.65,27901
2009-03-04,176.31,177.68,175.44,177.68,10098
2009-03-05,176.73,177.57,174.86,176.38,19174
2009-03-06,176.87,177.89,174.47,177.45,20987
2009-03-09,173.64,175.35,170.4,171.43,21464
2009-03-10,170.34,171.04,166.99,169.15,33391
2009-03-11,173.65,175.14,169.52,173.22,25714
2009-03-12,170.88,173.04,170.06,171.38,14458
2009-03-13,168.74,171.17,168.74,171.17,14710
2009-03-16,172.38,177.71,172.38,177.71,26005
2009-03-17,175.31,175.31,170.64,170.8,16290
2009-03-18,176.59,177.89,174.14,175.43,6078
2009-03-19,175.76,176.91,173.14,173.14,9285
2009-03-20,179.83,179.83,170.63,170.99,28546
2009-03-23,172.67,174.65,171.69,173.66,9698
2009-03-24,178.85,178.85,174.94,176.24,15650
2009-03-25,174.4,177.19,174.4,177.19,23997
2009-03-26,177.34,179,177.17,178.93,13110
2009-03-27,178.64,178.81,177.15,178.21,9968
2009-03-30,181.53,181.53,176.59,177.65,10105
2009-03-31,178.13,179.49,176.43,179.25,13864
2009-04-01,176.55,178.22,174.03,177.37,12331
2009-04-02,171.57,174.15,171.57,173.62,3746
2009-04-03,172.56,173.66,169.65,169.98,17673
2009-04-06,170.1,171.36,168.98,169.3,6361
2009-04-07,173.8,173.8,169.26,170.36,10862
2009-04-08,168.71,168.86,166.11,167.4,24036
2009-04-09,165.54,166.34,164.75,165.09,23044
2009-04-14,164.59,166.8,164.59,165.69,7443
2009-04-15,159.25,159.25,157.1,157.72,18928
2009-04-16,160.95,162.32,160.32,161.03,10790
2009-04-17,160.35,162.04,158.95,159.23,8828
2009-04-20,161.73,162.82,159.99,161.65,12227
2009-04-21,162.7,162.7,161.42,161.58,20187
2009-04-22,162.89,165.43,162.74,164.33,9687
2009-04-23,164.41,165.36,162.18,164.41,11432
2009-04-24,167.66,167.66,166.39,167.4,3340
2009-04-28,171.09,173.73,171.09,173.2,5116
2009-04-29,168.77,169.72,168.44,169.01,2965
2009-04-30,167.52,175.58,167.52,173.99,28927
2009-05-04,174.29,181.57,174.29,180.58,22023
2009-05-05,178.66,184.76,178.66,184.54,51180
2009-05-06,186.71,188.92,181.97,185.04,40389
2009-05-07,186.32,189.28,184.13,188.53,40619
2009-05-08,191.18,197.14,190.1,195.08,53720
2009-05-11,198.74,202.05,198.74,200.37,37329
2009-05-12,201.25,201.57,195.71,198.31,42336
2009-05-13,196.25,198.47,196.25,198.06,31837
2009-05-14,199.09,199.09,195.05,196.5,36881
2009-05-15,206.37,210.22,206.37,209.02,30803
2009-05-18,209.63,219.31,209.63,213.66,66580
2009-05-19,215.9,217.8,213.39,216.36,55164
2009-05-20,216.58,219.09,211.87,212.43,25635
2009-05-21,214.96,214.96,209.07,209.6,14541
2009-05-22,208.31,215.12,206.57,213.9,17224
2009-05-25,217.61,218.1,214.6,215.3,15378
2009-05-26,217.41,217.41,214.22,214.5,15258
2009-05-27,217.05,220.09,217.05,219.17,15779
2009-05-28,220.78,221.27,218.53,219.81,13800
2009-05-29,217.77,220,217.77,218.38,12323
2009-06-01,219.64,224.12,219.64,223.9,20971
2009-06-02,225.65,230.67,224.04,229.16,29173
2009-06-03,232.41,234.34,230.46,234.05,48216
2009-06-04,235.25,236.89,233.96,235.15,39547
2009-06-05,240.18,240.18,237.25,239.62,29551
2009-06-08,249.92,249.92,241.75,243.49,42877
2009-06-09,238.23,238.87,235.31,236.09,33827
2009-06-10,235.86,235.86,230.37,231.18,21081
2009-06-11,229.72,231.99,229.72,231.79,12425
2009-06-12,231.71,233.16,229.78,230.85,12246
2009-06-15,233.28,233.28,222.73,223.77,23022
2009-06-16,223.89,225.36,218.98,224.99,20148
2009-06-17,222.15,227.67,222.15,227.15,20432
2009-06-18,229.23,230.88,228.59,229.23,37582
2009-06-19,230.13,230.13,228.15,229.09,24774
2009-06-22,227.58,227.91,221.57,221.99,17386
2009-06-23,219.67,222.96,219.67,221.49,11125
2009-06-24,221.77,226.02,219.8,223.15,6631
2009-06-26,223.69,226.78,223.69,226.07,5865
2009-06-29,226.44,226.44,225.63,226.44,10789
2009-06-30,224.41,225.37,224.41,225.27,14721
2009-07-01,221.38,222.17,218.19,219.18,11584
2009-07-02,220.28,220.44,216.65,218.23,11500
2009-07-03,217.82,220.66,217.66,219.72,31542
2009-07-06,222.51,222.51,218.02,218.24,9328
2009-07-07,217.39,217.39,212.6,214.99,15883
2009-07-08,219.38,219.38,213.54,214.71,9505
2009-07-09,208.43,211.93,207.15,209.78,8948
2009-07-10,207.95,210.99,207.95,210.82,9266
2009-07-13,209.39,211,208.08,209.39,7914
2009-07-14,208.92,214.98,208.92,213.58,10135
2009-07-15,212.9,219.18,211.34,217.44,35414
2009-07-16,220.11,223.25,217.59,220.11,30805
2009-07-17,218.71,221.08,218.08,219.39,8890
2009-07-20,217.18,220.16,214.97,220.16,14608
2009-07-21,216.63,218.35,215.38,216.41,8867
2009-07-22,216.74,218.61,215.96,217.02,10038
2009-07-23,216.36,216.36,214.18,214.39,5549
2009-07-24,214.18,216.2,213.58,215.76,14363
2009-07-27,213.72,217.66,213.72,215.71,18866
2009-07-28,216.65,216.65,210.25,210.5,10115
2009-07-29,211.68,214.15,210.45,211.29,8599
2009-07-30,210.82,214.64,210.82,214.06,12424
2009-07-31,211.78,216.05,211.78,216.05,52174
2009-08-03,213.98,216.53,213.98,215.66,10416
2009-08-04,213.68,215.92,213.21,213.47,9217
2009-08-05,214.4,215.16,213.66,215.1,22957
2009-08-06,215.68,218.4,215.39,217.8,59250
2009-08-07,219.37,219.37,217.39,218.29,4045
2009-08-10,214.97,216.17,213.92,215.51,11734
2009-08-11,217.27,217.27,214.55,216.61,7288
2009-08-12,219.25,219.25,215.87,216.55,7528
2009-08-13,215.02,215.78,213.97,215.02,4931
2009-08-14,214.18,216.14,214.18,215.87,4866
2009-08-17,217.79,218.86,214.88,216.4,9269
2009-08-18,218.35,218.96,216.82,218.28,10586
2009-08-19,214.3,219.18,214.3,218.64,11978
2009-08-20,215.25,217.97,215.25,216.88,7306
2009-08-21,217.01,218.06,215.81,217.21,14011
2009-08-24,218.4,219.76,217.05,217.2,30177
2009-08-25,216.46,217.39,215.28,216.46,25376
2009-08-26,214.98,216.32,214.98,215.89,18076
2009-08-27,217.36,220.38,216.6,219.95,32086
2009-08-28,216.62,217.81,215.12,215.63,9372
2009-08-31,214.69,218.59,214.69,218.31,8994
2009-09-01,216.92,218.58,216.92,218.39,35186
2009-09-02,220.23,220.23,218.39,218.89,10195
2009-09-03,215.66,217.33,212.02,214.39,16194
2009-09-04,212.68,216.9,212.68,216.44,27475
2009-09-07,217.05,217.05,215.09,216.89,8519
2009-09-08,214.83,217.22,214.83,215.85,8477
2009-09-09,216.09,217.3,215.8,216.44,20543
2009-09-10,219.88,220.5,219.27,219.85,21299
2009-09-11,221.02,222.56,220.25,222.52,13403
2009-09-14,225.15,225.15,222.03,223.56,8404
2009-09-15,217.74,220.63,217.74,219.44,9203
2009-09-16,218.39,219.75,217.46,219.15,9658
2009-09-17,218.47,219.38,217.26,217.58,17307
2009-09-18,218.39,220.67,218.39,220.58,17247
2009-09-21,220.94,220.94,217.61,217.89,11140
2009-09-22,218.26,220.24,218.26,218.88,18816
2009-09-23,220.11,220.72,219.65,219.83,19970
2009-09-24,218.63,219.85,217.7,219.23,17407
2009-09-25,220.99,221.45,218.68,219.86,11727
2009-09-28,220.25,222.57,220.25,221.77,6342
2009-09-29,220.72,221.17,220.1,221.08,31426
2009-09-30,221.73,222.82,221.73,222.66,23669
2009-10-01,222.67,223.44,222.52,222.97,15071
2009-10-02,224,224,222.14,223.16,20513
2009-10-05,220.63,222.03,220.49,221.11,11066
2009-10-06,219.54,221.68,219.54,221.29,27551
2009-10-07,221.44,223.43,221.13,223.16,19765
2009-10-08,226.11,226.73,225.01,225.55,22841
2009-10-09,226.71,233.89,226.71,230.58,20593
2009-10-12,228.37,235.24,228.37,230.12,19289
2009-10-13,228.46,229.23,227.08,227.75,28488
2009-10-14,229.17,230.56,227.48,229.72,29828
2009-10-15,231.07,233.36,230.6,231.55,45179
2009-10-16,233.89,235.12,233.41,234.39,21974
2009-10-19,233.53,233.99,230.62,231.64,15990
2009-10-20,229.36,229.51,224.78,226.13,21883
2009-10-21,224.69,224.69,221.96,223.93,9162
2009-10-22,225.68,225.68,222.31,222.68,11070
2009-10-23,223.11,223.87,216.68,217.89,42097
2009-10-26,219.69,221.06,216.19,216.59,22532
2009-10-27,218.16,218.16,214.47,216.04,22990
2009-10-28,217.79,220.12,217.79,219.96,14332
2009-10-29,219.34,225.56,218.39,225.24,8753
2009-10-30,226.06,227.46,223.57,226.28,9913
2009-11-02,222.87,222.87,219.76,221.34,11606
2009-11-03,219.81,222.8,219.81,221.6,8665
2009-11-04,221.98,225.9,221.98,225.22,9215
2009-11-05,224.12,226.61,223.81,226.17,12061
2009-11-06,221.91,224.56,221.44,223.52,23014
2009-11-09,223.38,223.99,222.14,223.46,5735
2009-11-10,221.7,221.99,221.38,221.38,9561
2009-11-11,221.38,222.31,221.23,221.78,14445
2009-11-12,218.11,219.62,217.95,219.15,3320
2009-11-13,216.76,217.65,216.44,217.02,7544
2009-11-16,216.24,217.29,212.34,212.84,18979
2009-11-17,212.72,214.22,211.67,212.14,9972
2009-11-18,211.52,212.13,209.73,209.97,9595
2009-11-19,212.88,213.63,212.27,212.75,11550
2009-11-20,212.99,213.14,212.39,212.93,6948
2009-11-23,212.88,212.88,208.07,210.55,6918
2009-11-24,210.97,210.97,207.66,207.84,21317
2009-11-25,207.63,210.62,205.51,207.73,30954
2009-11-26,207.25,208.02,207.1,207.2,6530
2009-11-27,209.3,209.43,207.76,209.11,7793
2009-11-30,206.8,206.8,201.48,202.13,15956
2009-12-01,202.5,205.06,202.04,203.9,18168
2009-12-02,204.12,208.92,204.12,206.89,10248
2009-12-03,209.37,209.37,203.66,204.03,4641
2009-12-04,204.98,204.98,200.64,203.84,5744
2009-12-07,201.46,202.21,200.7,201.03,6032
2009-12-08,200.14,201.06,199.26,199.96,10081
2009-12-09,201.9,202.2,200.68,201,18214
2009-12-10,201.07,201.07,197.44,198.04,29120
2009-12-11,196.77,196.9,193.72,195.4,28130
2009-12-14,196.86,201.25,196.86,200.62,13139
2009-12-15,203.56,203.86,199.61,201,14674
2009-12-16,204.7,204.7,199.48,202.71,18960
2009-12-17,197.72,198.79,196.96,198.27,12466
2009-12-18,198.59,198.59,196.13,196.88,12616
2009-12-21,197.16,198.54,195.17,195.33,14199
2009-12-22,195.91,197.45,194.08,196,26510
2009-12-23,195.47,199.9,195.31,195.9,15416
2009-12-28,195.2,196.27,191.7,193.09,24251
2009-12-29,191.44,194.03,190.83,192.23,11599
2009-12-30,192.59,194.56,191.85,192.91,9487
